Baldwin,Barrett,Bartholomew,Basil,Benedict,Benjamin,Bennet,Bennett,Bernard,Barnard,Bert,Berthold,Bertram,Bertrand,Bill,Blair,Blake,Boris,Bradford,Bradley,Brady,Brandon,Brenton,Bret,Brett,Brian,Bryan,Bryant,Broderick,Bruce,Bruno,Burton,Byron,Daniel,Darrell,Darrel,Darryl,Daryl,David,Dean,Deane,Delbert,Dennis,Denis,Derek,Derrick,Desmond,Dexter,Dom,Nick,Nicky,Don,Donald,Donovan,Dorian,Douglas,Doyle,Drew,Duane,Dwayne,Dudley,Duke,Duncan,Dustin,Dwight,Dylan,Dillon,Earl,Earle,Edgar,Edmund,Edmond,Ed,Edward,Edwin,Egbert,Elbert,Eldred,El,Elijah,Elias,Elliot,Ellis,Elmer,Elton, Alton,Elvin,Elwin,Elwyn,Elvis,Elwood,Emery,Emmery,Emory,Emil,Emile,Em,Emmanuel,Emanuel,Immanuel,Manuel,Emmet,Emmett,Eric,Erik,Erick,Rick,Ricky,Ernest,Earnest,Errol,Ervin,Erwin,Irvin,Irvine,Irving,Irwin,Ethan,Eugene,Eustace,Evan,Everard,Everett
